cohort_year,avg_sip_amount,total_invested,investor_count,transaction_count
2024,10996.885825361911,214978121,4624,19549
2025,13505.209580838324,2255370,138,167
